Column,Data_Type,Unique_Values,Missing_Values,Missing_Percentage
ID,object,999592,0,0.0
Source,object,3,0,0.0
Severity,int64,4,0,0.0
Start_Time,object,951934,0,0.0
End_Time,object,975610,0,0.0
Start_Lat,float64,638526,0,0.0
Start_Lng,float64,641580,0,0.0
End_Lat,float64,389775,440420,44.059976470399924
End_Lng,float64,392796,440420,44.059976470399924
Distance(mi),float64,13052,0,0.0
Description,object,746436,0,0.0
Street,object,129499,1383,0.138356449431368
City,object,10729,30,0.003001224499595835
County,object,1708,0,0.0
State,object,49,0,0.0
Zipcode,object,216238,250,0.025010204163298626
Country,object,1,0,0.0
Timezone,object,4,961,0.09613922480371992
Airport_Code,object,1963,2887,0.2888178376777725
Weather_Timestamp,object,386855,15762,1.5768433520876517
Temperature(F),float64,757,21323,2.1331703334960666
Wind_Chill(F),float64,862,259217,25.93228037039112
Humidity(%),float64,100,22621,2.263023313511913
Pressure(in),float64,1032,18371,1.837849842735836
Visibility(mi),float64,63,23031,2.304040048339723
Wind_Direction,object,24,22739,2.27482812987699
Wind_Speed(mph),float64,118,74143,7.417326269117801
Precipitation(in),float64,206,285656,28.57725952188493
Weather_Condition,object,118,22586,2.259521884929051
Amenity,bool,2,0,0.0
Bump,bool,2,0,0.0
Crossing,bool,2,0,0.0
Give_Way,bool,2,0,0.0
Junction,bool,2,0,0.0
No_Exit,bool,2,0,0.0
Railway,bool,2,0,0.0
Roundabout,bool,2,0,0.0
Station,bool,2,0,0.0
Stop,bool,2,0,0.0
Traffic_Calming,bool,2,0,0.0
Traffic_Signal,bool,2,0,0.0
Turning_Loop,bool,1,0,0.0
Sunrise_Sunset,object,2,3027,0.3028235520092198
Civil_Twilight,object,2,3027,0.3028235520092198
Nautical_Twilight,object,2,3027,0.3028235520092198
Astronomical_Twilight,object,2,3027,0.3028235520092198
