,count,mean,std,min,25%,50%,75%,max
Severity,999592.0,2.212480692122386,0.4867332655259056,1.0,2.0,2.0,2.0,4.0
Start_Lat,999592.0,36.19687262793069,5.076671714392758,24.566999,33.399203,35.820965,40.081799,49.00026
Start_Lng,999592.0,-94.71917843384682,17.397435406875967,-124.548074,-117.22355625,-87.7858985,-80.35269124999998,-67.606864
End_Lat,559172.0,36.25973602546215,5.272316216102139,24.569978,33.46215,36.1758945,40.171208,48.999157
End_Lng,559172.0,-95.73999449587059,18.10837953347195,-124.545748,-117.75210395011824,-88.03231500000001,-80.247521,-67.606864
Distance(mi),999592.0,0.5630917374116208,1.756490164565228,0.0,0.0,0.029,0.465,194.72999572753903
Temperature(F),978269.0,61.67327442656366,19.02255109151408,-89.0,49.0,64.0,76.0,189.0
Wind_Chill(F),740375.0,58.23988829984805,22.395904434121807,-89.0,43.0,62.0,75.0,189.0
Humidity(%),976971.0,64.82330693541569,22.828500761801152,1.0,48.0,67.0,84.0,100.0
Pressure(in),981221.0,29.540452426109916,1.003711766565837,0.12,29.37,29.86,30.03,58.63
Visibility(mi),976561.0,9.09275929511828,2.6993424440180243,0.0,10.0,10.0,10.0,120.0
Wind_Speed(mph),925449.0,7.68940611530187,5.395407934911272,0.0,4.6,7.0,10.4,822.8
Precipitation(in),713936.0,0.008776949194325541,0.1359441644193445,0.0,0.0,0.0,0.0,36.47
